P60709,19,TTGIVMDSGDGVTHTVPIYE
P10147,11,RQIPQNFIADYFETSSQCSK
O43852,7,FIDLEEYIGDMYSHDGNTDE
O43852,12,FIDLEEYIGDMYSHDGNTDE
Q14444,4,PRDYSGYQRDGYQQNFKRGS
Q14444,7,PRDYSGYQRDGYQQNFKRGS
Q14444,12,PRDYSGYQRDGYQQNFKRGS
Q96S66,7,RQEEIDYRPDGGAGDADFHY
Q96S66,20,RQEEIDYRPDGGAGDADFHY
P09496,17,EPPGGPDAVDGVMNGEYYQE
P09496,18,EPPGGPDAVDGVMNGEYYQE
P33992,8,FDDPGIFYSDSFGGDAQADE
P68104,5,ISAGYAPVLDCHTAHIACKF
Q8N954,7,MAEEEDYMSDSFINVQEDIR
P06396,16,KNWRDPDQTDGLGLSYLSSH
P52597,2,GYEEYSGLSDGYGFTTDLFG
P52597,5,GYEEYSGLSDGYGFTTDLFG
P52597,12,GYEEYSGLSDGYGFTTDLFG
P31943,1,YDDYNGGYNDGYGFGSDRFG
P31943,4,YDDYNGGYNDGYGFGSDRFG
P31943,8,YDDYNGGYNDGYGFGSDRFG
P31943,12,YDDYNGGYNDGYGFGSDRFG
P61978,17,ATSQLPLESDAVECLNYQHY
P61978,20,ATSQLPLESDAVECLNYQHY
Q8WVV9,12,GEHPSSFRHDGYGSHGPLLP
O43719,1,YQANYGFSNDGASSSTANVE
O43719,5,YQANYGFSNDGASSSTANVE
P01584,7,TWDNEAYVHDAPVRSLNCTR
Q8IVL0,7,DDINSGYMTDGGLNLYTRSL
Q8IVL0,16,DDINSGYMTDGGLNLYTRSL
P55209,19,ILAALQERLDGLVETPTGYI
Q15366,6,PEVKGYWGLDASAQTTSHEL
P49810,9,DPEMEEDSYDSFGEPSYPEV
P49810,17,DPEMEEDSYDSFGEPSYPEV
Q2M2H8,9,RNRLAEIPYDVQYSDIDYMD
Q2M2H8,13,RNRLAEIPYDVQYSDIDYMD
Q2M2H8,18,RNRLAEIPYDVQYSDIDYMD
Q86V87,7,DLEEDPYFTDSFLDSGFQTP
Q15293,7,FVDQDEYIADMFSHEENGPE
Q92541,12,SSSEDEEFHDGYGEDLMGDE
P49756,2,AYPLDWSIVDSILMERRIRP
Q5T8P6,7,LFTADTYDTDGYNPEAPSIT
Q5T8P6,12,LFTADTYDTDGYNPEAPSIT
Q9P2N5,7,PLVPDTYEPDGYNPEAPSIT
Q9P2N5,12,PLVPDTYEPDGYNPEAPSIT
P07437,2,HYTEGAELVDSVLDVVRKEA
Q9GZX9,20,LGALWDECCDCVGMCNPRNY
P98155,7,KDLVIGYECDCAAGFELIDR
P16989,19,AEAANVTGPDGVPVEGSRYA
